lon,lat
47.49185324997277,30.051233223488985
47.493783915414895,30.0515956390464
47.492469667252486,30.052310399175184
47.493190759164605,30.05334729554369
47.50519345034698,30.04848486234933
47.50646117645055,30.047810344480112
47.505786606597276,30.04673311984988
47.507077593730266,30.046179401696275
47.50769401100998,30.047236497303476
47.50893847608411,30.046551903340358
47.50822901468671,30.045545138916946
47.507484661745174,30.04433700810222
47.50678683086247,30.04340069658643
47.50550747424419,30.044024905246918
47.50624019667102,30.045031685121035
47.50498410108217,30.04574649262021
47.505937803288525,30.042212675689
47.50517018931755,30.041135390186007
47.49306282350278,30.050518455585795
47.49333032534114,30.053387563144824
47.49260923342903,30.0522197960641
47.50827553674554,30.04089375444611
47.50700781064197,30.0414575702558
47.50867097424573,30.043682597758853
47.50949674079026,30.044810194426645
47.51026435476122,30.045847169318364
47.511392514688254,30.045243107594604
47.51068305329084,30.04414571937206
47.51189262682086,30.043511443571273
47.51267187130653,30.044538364261218
47.51115990439402,30.04231335597858
47.51046207351132,30.0413266847288
47.509217608437176,30.041940838396048
47.509915439319876,30.043048318992852
47.507961512848325,30.042695940145872
47.512346216894606,30.041679068446037
47.51324176652739,30.042857027774303
47.51440481799856,30.0422529478171
47.5151491709401,30.04326981362657
47.51383492277769,30.043954430272535
47.513660465057015,30.04107498130628
47.511706538585464,30.040662186309028
47.35607561644561,30.337069533826604
47.36113086230487,30.33946609608874
47.32146394156837,30.321550619908457
47.320836169409525,30.321516751370126
47.32354343684451,30.323311767766317
47.35842966984617,30.30475298123258
47.639803583409574,30.530118414427584
47.64064861643333,30.528007540820827
47.58486698509769,30.47173081069405
47.59119494344525,30.4747274334787
47.59272477952928,30.47250994148961
47.61219837562958,30.440588795579398
47.85717293593143,29.780481908534032
47.857661657427656,29.77742777787091
47.86293984958688,29.778912436356627
47.8607894750035,29.77556131882942
47.85756391312841,29.77394934893454
48.00105493218363,28.885012677949245
48.0059921602554,28.89242634464662
47.99819210499464,28.91779970851174
47.99867833361811,28.91260722328638
47.994334691248326,28.92052353123773
48.0461013671469,28.948510645793434
48.0159092323201,28.952921943120735
48.01762020571702,28.95550786630827
48.010698540611294,28.952241426286772
48.01454823075436,28.95928455914565
48.00599336376975,28.88907001146529
48.00583782073366,28.8871633794892
47.93596274832706,28.927743248762138
47.936748060692096,28.930200475923957
47.92378934591397,28.9527147765163
47.92702223282926,28.95314266726674
47.929304270651826,28.958324759322156
47.9319123138776,28.955519805909017
48.02665409435621,29.20433217686879
48.027919217706405,29.202888072361368
47.96631744227017,29.15743086250459
47.97390818237131,29.158875606969357
47.97205915593641,29.153436463212756
47.97906599295285,29.14714709418182
56.02042420716232,27.51032995068104
56.02078686297958,27.511861164131663
56.021471879523276,27.5100478850454
65.09888361714775,45.94271465418396
65.09657483100307,45.9406784016555
65.10114735380668,45.93973073555496
52.36741019462288,51.64200609622096
52.363220749822915,51.63955060966473
52.40225875818621,51.63047597377535
66.15756365030877,45.83609693254005
56.5027946324439,47.893171278779135
56.49242902969163,47.90203549373033
56.49502756922456,47.90726141465303
56.49842565938302,47.90460066370201
56.49976776221872,47.90894584814529
51.54187377656905,45.14405675156661
51.54557974622331,45.14408673916093
51.54050618164884,45.144991357507706
51.539138586728626,45.14580600152443
51.54239105340416,45.145815997084235
51.54417672138288,45.14492138754006
51.539188188616926,45.14781507381721
51.54093842667544,45.14695048173387
51.54252568710097,45.14709541426968
51.54257528898927,45.148594694740545
51.56135314670206,45.13453989156786
51.56642671127653,45.13522971737651
51.56434343196801,45.13450989895211
51.56763132856376,45.134499901410024
51.544304269095626,45.14907445616249
51.544233409255206,45.14752521203667
51.54064790132966,45.1502738420504
51.53965586356371,45.151043434701975
51.54250442914881,45.15085353618225
51.54730872632967,45.14971413177684
51.54749296191478,45.148584699667964
51.54749296191478,45.14746524044977
51.545523058350945,45.145636076739486
57.46649577143285,48.34697233818349
57.460806715520064,48.34833431078236
57.46082200868111,48.34399416681494
57.4659605107959,48.34215432211868
57.31416441744495,48.259991274847714
57.31559815129394,48.25863967005048
57.31025319150488,48.25407296692797
57.33611775014075,48.27707034163756
57.33711562889965,48.27844435907124
57.35869619079476,48.25962855955435
57.18259352959036,48.55414652448823
57.183063794292835,48.55462482104296
57.182960565455716,48.55369859186864
57.18229531294978,48.553417682948314
57.18082716948841,48.552984928316334
57.181125386129,48.55371377609016
57.1805633624602,48.554351509279634
57.17978341124633,48.554070603984364
57.17915256835278,48.55396431508756
57.17715681083498,48.554503349330425
57.175470739828555,48.554920907120405
57.17830379791418,48.55569527790001
57.17822350881863,48.55485257971787
57.1802651458196,48.555042377830404
57.18173328928098,48.55546752301873
57.175562498794896,48.557251575481
57.182323987626745,48.558403584438814
57.1828057222,48.55898811931364
57.174352427426335,48.55864650884339
57.16729845688927,48.561424873747555
57.1631119540502,48.56152355603335
57.17017739445806,48.5631479906065
57.16332988159524,48.56449532082241
57.16579590381551,48.565554183325
57.16849705838702,48.56608550382631
57.4539749737285,48.36608776144147
57.45433627465844,48.36741747302832
57.45673921258935,48.36810327059145
57.44818268897861,48.36598488832459
57.35139418430113,48.25658578597557
57.35196767784071,48.25523409114194
57.334051739663785,48.27784164069737
57.32893617729059,48.275963785458465
57.32977347785842,48.27975759258543
57.32753111811861,48.28245964960727
57.33121294664281,48.281184968199675
57.329446586540854,48.281108638962294
57.333724848346236,48.279856823196155
57.33583530457193,48.282360424052534
57.33363308937988,48.283154223093334
57.33404600472841,48.28121549986269
57.33145381392943,48.279604929731015
57.311423596236565,48.257537805709205
57.311458005848934,48.25611486057011
57.30500811517365,48.25829380875134
57.30520692626737,48.26087482580705
57.311576527847116,48.26110899447667
57.30936666607455,48.26098172902844
57.340373550115196,48.23210464674075
57.345756742806834,48.23204352471234
57.343600407097966,48.23524214613253
57.34774485374408,48.235669972052875
57.33976182367296,48.2385627963015
57.345756742806834,48.237819233856065
57.4154706174797,48.317680169709135
57.416632897719936,48.318158155166635
57.42050206746706,48.31517830042186
57.42223019466636,48.315025743448025
57.42357599283927,48.31558511678867
57.42213843570002,48.3195819150982
55.19421949865307,48.20025942390027
51.56432467489049,45.17357912758974
51.567368563831245,45.17401752005847
51.60648090022031,45.20868597930385
51.60975389908132,45.20542301618664
51.61212682325555,45.2076367783646
51.62593887844903,45.20703722628161
51.631093851655116,45.2055383184268
51.626528018244,45.210011864896416
51.63037379190569,45.211349248617154
51.635708780049136,45.21187958172962
51.63412137560154,45.205884223745024
51.6229440844912,45.189209194807205
51.62084936522015,45.187571411178
51.622747704559536,45.1874330047682
51.6223385797019,45.18366130056613
51.62266587958801,45.184976234992476
51.61932742074978,45.18513771607365
51.61919650079535,45.18370743913033
51.61597259691725,45.18366130056614
51.56638666417296,45.16885465777161
51.58090241412155,45.15521264327937
52.06594448033147,45.364178325271254
52.064487995838306,45.36113126962306
52.07088670861164,45.36220063237143
52.07312871283144,45.36249959038479
52.07258866801937,45.363913870341285
52.07429062742712,45.361970663593866
52.072490478053545,45.3609587898675
52.07178678329842,45.36097028853423
52.07279323044816,45.366828555315934
55.83279453022704,21.08225684909291
55.83949545852146,21.08174989675733
55.8139051566836,21.094169731109325
18.831917908736354,28.224513003476364
17.312115166985215,28.935991388480513
17.300285055110592,28.96084084004055
17.299279363273378,28.96181339070741
17.29365101772826,28.962029511837105
17.29456849098326,28.96579612192656
20.852648603597007,28.826733497873352
20.855489772474524,28.82940618178331
20.852765044944448,28.8295285931434
20.852928062830863,28.83117093163584
20.852881486291885,28.833853702128767
20.85599047026852,28.8323032120267
20.85590896132531,28.83069149388455
20.856677474218408,28.829834620913832
20.857422698842022,28.829324574129966
20.858179567600377,28.830650690569705
20.8581329910614,28.828947137900933
20.85923918386207,28.827794418783455
20.858505603373207,28.827049735044945
20.854942498141565,28.82748838501513
20.861370060520212,28.830803702917898
20.862091996874337,28.83459833719095
20.860694700705064,28.834503133005168
20.861020736477894,28.83393190606149
20.85838139926927,28.834258321841777
20.862877975969568,28.829059348814646
20.86211334445471,28.82705313543938
20.858107762102787,28.825488942255916
20.854071128724893,28.826862713177782
20.876152289577675,28.72613160062727
21.612485730625163,29.33826454393158
21.613851774857025,29.33713637492877
21.616763605982843,29.33531874305247
21.62007087096525,29.336384255324123
21.615577304413062,29.342557739581213
21.64661886215555,29.331855751263912
21.6526941641341,29.33282728119211
21.652136961881627,29.3328429509538
21.650429406591805,29.330555140256465
21.653035675192072,29.32898811700926
18.00932862040518,29.373874658603384
18.010323338503866,29.374681013281457
18.034757547613914,29.34549950787806
20.967120874878336,29.485891918611145
20.968843766179795,29.48546679538783
20.965153794258562,29.48544317737868
20.96520805855152,29.484687398179393
20.9654386817966,29.483329343266185
20.963620827982464,29.483187632139643
20.962033597413406,29.483671811003873
20.968314689323442,29.487344409499865
20.971339923655922,29.482644404318766
20.971516282608043,29.48310496722431
20.96344786054865,29.482363932293147
21.095182698533314,29.48005365284296
21.09609268528985,29.47967251464174
21.096152778754902,29.482131204504196
21.097543513231873,29.482504860356187
21.100427999554466,29.481817332523857
21.10044516911591,29.48145114731819
21.10087440815201,29.481765020432633
21.100943086397788,29.48123442483851
21.100968840739956,29.480733719406363
21.1004795082388,29.48240023685651
21.101655623197704,29.479239061612233
21.117623315340676,29.46865625401107
21.09896000205099,29.483932213027387
29.523571642737597,29.565429506368048
29.529197842870044,29.565876638934846
29.521429688372454,29.568031541740545
29.523571642737597,29.570018731241163
29.52662749763187,29.568900941958645
29.526713175806478,29.571856846714027
29.528798011388556,29.569745495003563
29.478991622525555,29.801338779933598
19.60563135300336,29.549254894129646
19.60451148268847,29.548119427932562
19.640227622489935,29.541571771937598
19.635952807184477,29.543668143050315
19.634493114153337,29.542787941242942
19.635914190966723,29.54190101258603
19.63471708821632,29.544286295463685
19.64023534573348,29.541565052729524
19.641648699303307,29.539085634466637
30.56101026933727,29.800040006068773
30.557290768759966,29.795467393425486
30.562656923238677,29.79706446938335
30.56048721456858,29.795450581964044
30.559247381042816,29.797619237171656
30.555818466448113,29.79795545857662
17.34358043150434,29.86197345437674
28.609387042313863,29.87023191315799
25.961928556325173,30.2599416105898
25.965616468160295,30.25921351034373
25.969093642176265,30.259668573630094
25.961823187415597,30.267009969877833
26.32532690050704,30.69128401214057
26.32959434134482,30.689839906397104
26.330586565243316,30.690579895306893
26.32640693183018,30.6886544021372
26.327513305380705,30.685777417256134
26.32975239470917,30.687208369271364
26.333534699525774,30.686215388990554
26.3586882339083,30.66616198720456
26.3574238069934,30.66520183431099
26.359103123989748,30.665193337340146
26.361543072802093,30.66549922782003
26.364575721730798,30.66602603693218
26.455556835980968,30.808218009643166
26.455609520435743,30.814909115076425
26.455188044797445,30.814648945551475
26.45762470083136,30.809841338391227
26.461813114986953,30.80980174533345
26.458757416609284,30.812426164144355
26.463209253038823,30.81254494002407
26.464276113248268,30.812211235988702
26.46538907235565,30.81326324816712
26.462688994047785,30.814547139893364
26.46421684323662,30.815700931033884
26.46474368778449,30.815293712213847
26.459145964463332,30.816402248288203
26.459478535084177,30.817261920517648
26.458628998250727,30.816817946017785
26.459689272903322,30.812033071495193
26.45874095271715,30.81178420625271
26.459610246221143,30.81128647383371
26.459419265072537,30.8105342142612
26.47583047273915,30.83866782214309
26.472196480150735,30.838018971561198
26.470318361657025,30.83760866672323
26.466828839721966,30.836664004730075
26.447003020829797,30.850002915619893
26.447036360211342,30.85035592312164
26.44429141779746,30.851739318377348
26.466184278345427,30.839192624551664
26.47086290488893,30.842169631169305
26.471729728809102,30.842198255784645
26.470829565507383,30.845442323529987
26.467917926185777,30.844908014034708
26.468651392579766,30.84460269298715
26.472585439602096,30.84443094947091
26.473618960429995,30.84443094947091
26.454537721059,30.847207431960026
26.45479332298418,30.847713105687813
26.449270098774875,30.847770351602254
26.44957015320878,30.848137678740375
26.452198407787254,30.850184189904663
26.451392706066574,30.85474455655861
26.454148761607634,30.85337074507408
26.451987258370796,30.850570589210466
26.45199281493439,30.850623063070223
26.448481066744964,30.852235427677417
26.47687788497607,30.841127212276618
26.477036247038406,30.841613834862372
26.599671189977872,30.86307258789791
26.599829421808252,30.86346195360929
26.598542469587823,30.85813746685368
26.600546739439313,30.859396173232078
26.60187588681451,30.86143361256661
26.60213960653181,30.86176865400099
26.607329610568314,30.86139739180088
26.607540586342154,30.861741488522902
26.604491986410146,30.859405228613788
26.603331619654018,30.858083133832267
26.607340159357005,30.85730435714239
26.607340159357005,30.85700552254746
26.600810459156612,30.855855453448694
26.600863203100072,30.85626295982515
26.60526204798467,30.863643053401383
26.606027494464147,30.855475395594
27.17910677842065,30.75704288129284
27.179569606524513,30.754778862535897
27.17590258385544,30.752713663864593
27.174229282249165,30.75439642167926
27.17525284440195,30.757371771480916
28.659091075738438,30.81993625398784
28.660684681025437,30.818462409885736
28.659779437785485,30.81949086392413
28.658214121349737,30.81836523255674
28.660156622468797,30.818640568066858
28.659298527314263,30.817846951808193
28.656827967638563,30.81988766608127
28.657450322366028,30.818170877603787
28.657318307726868,30.817838853649302
28.6560358798036,30.820219682952942
53.99260346223607,44.83723397849611
53.98948973995896,44.836051916506584
53.98728811814687,44.833955369563434
53.987162311186175,44.83527129623854
53.99681799541923,44.833353155808595
53.20007550576753,45.880244940645156
53.20578649809796,45.87718218445764
53.19913961348371,45.875313059304034
53.55663224901946,46.01174949498304
53.54391686577657,46.03480263353067
53.360771171141636,46.248018921467185
53.36800934536584,46.247128679155125
53.36635768144892,46.24339118350075
53.36432953531562,46.243811139530834
53.36452384871761,46.24501219603227
53.36634553686129,46.24612084023321
53.36315151031604,46.24614603643193
53.36602977758306,46.24439907257222
53.369442406705545,46.24551612799203
53.3699160456229,46.2441303039637
53.36764500773711,46.24332399023762
53.36513107809884,46.242173292834224
53.36392876392401,46.24203890324238
53.366661296139526,46.2425596610771
53.37317079510626,46.239645033482454
53.37093619098336,46.241988507060576
53.370571853354626,46.24079578391222
53.36590833170681,46.24087977934883
53.36327295619228,46.240720187909346
53.364450981191865,46.24085458073135
53.36108693041987,46.24107296836501
53.367195657995005,46.24165253133215
53.37302506005476,46.23676385173381
53.374710121587654,46.237192258594874
53.378681401740884,46.23564871819149
53.55073073847035,46.197411767656185
53.53227096528111,46.22112891358525
53.53450556940402,46.221448209952534
53.529890626106706,46.22151543000377
54.134686734287826,47.71734185730044
54.13059563505951,47.71731401464136
54.130483307190524,47.717703810514514
54.13179576965972,47.71813337809909
54.13219778519082,47.71827258905646
54.13049513117673,47.71913171130517
54.13171300175625,47.719537402998206
54.130737522894016,47.719875476995924
54.130613371038834,47.72179251393896
54.132836280446114,47.721084570751934
54.13355754360486,47.72135502209381
54.13449755050847,47.721887966216926
54.13540799744656,47.72144649796522
54.134603966384354,47.72084593604902
54.13582183696387,47.72115218371903
54.135029629887875,47.72011013883389
54.13552032531555,47.71964479144699
54.1338886152187,47.71983968102941
54.13262936068745,47.72032491314903
54.133078672163386,47.72364982477298
54.13728209926069,47.72282259386499
54.13741807510209,47.72240499634986
54.13689190771579,47.72314473823225
54.13567403713627,47.72370948034025
54.13737669115036,47.721689107107125
54.13812160228153,47.72154990527861
54.13866550564714,47.72105673009292
54.13797971444702,47.72061525479716
54.13936903282657,47.72097718527089
54.1391798490472,47.719943091532194
54.139871552240436,47.71982774903512
54.13997796811631,47.71919932680672
54.13997796811631,47.71902034440542
54.13870097760574,47.71920330418642
54.137985626440106,47.719601040624205
54.137358955171024,47.71924705534321
54.137849650598696,47.7188135195315
54.1350887498189,47.71833622822736
54.1357449810535,47.71836009289641
54.1353607015017,47.71876181318474
54.13332697587376,47.71823480326193
54.13536661349481,47.717890752398624
54.13605831668804,47.717333902256485
54.13887833739886,47.71743731773288
54.14019671186116,47.718028969636926
54.140072560005976,47.71738859315897
54.15230151774259,47.715716019955195
54.15473725890165,47.716988851057
54.15736218384004,47.7169570306584
54.14032381971289,47.72084295310825
54.13996318813352,47.721109428470555
54.14032381971286,47.722004298444155
54.14507115017579,47.72484391737519
54.14635996467257,47.724831986527036
54.14369365578244,47.72489164074048
54.147181731714085,47.72492345629305
54.14570373343797,47.7252654722559
54.14500020625853,47.72572281567374
54.14354585595483,47.72569497749351
54.143273904272014,47.72546431771357
54.14371139176175,47.72487573295691
54.14301968856852,47.72522570307328
54.14832865837635,47.72537682580572
54.15025596812838,47.72582223762449
54.15114276709406,47.72542852558718
54.15117232705958,47.72499504121525
54.15160981454931,47.72474449355704
54.14349264801685,47.72697949517128
54.14356359193411,47.72652613960802
54.142192009533865,47.727424893285416
54.14359906389273,47.72753624221883
54.14664965233465,47.72650227867961
54.14766060315551,47.72755214918989
54.14822224250044,47.72718231085627
54.14894350565919,47.7267050962228
54.148121738617654,47.728991709956276
54.1488370897833,47.728900247334366
54.14881344181089,47.728566208568125
54.15013772826629,47.72855030190677
54.15029735208011,47.72898375669118
54.150864903418146,47.727285706783874
54.150208672183545,47.72760782355032
54.150179112218,47.726736910667725
54.15149748668031,47.72859802187627
54.15128465492857,47.72918656457169
54.15132012688716,47.73128219976027
54.14866564198324,47.73114700003474
54.146017069072435,47.731099282400756
54.14469869461013,47.73047099614217
54.145159830072274,47.73051076131992
54.14617669288625,47.728407141735964
54.14346900004439,47.729282003301016
54.14481693447221,47.72748852127651
54.140826339126676,47.729182587954185
54.14090319503704,47.72740103276872
54.14235754534074,47.72567906995524
54.13886946940909,47.72425930260194
54.134476858532416,47.722748023125554
54.1365637920983,47.72345196665238
54.14492926234114,47.72661760639904
54.14562096553436,47.7270510772679
53.21014379782694,47.33186083051749
53.21120344253879,47.33250718420013
53.21136238924556,47.3330817141659
53.20942853764643,47.33505661325193
53.21067362018286,47.33426666248033
53.20945502876423,47.33369214540596
53.21146835371674,47.331771058547034
53.20982590441339,47.3377315860554
53.21052791903499,47.335954270239256
53.20844836628799,47.33688781731872
53.20819670066893,47.33646592789414
50.85583145102594,25.086694931355392
50.85645313082076,25.08571415669438
50.860245889239756,25.092732105697795
50.86156302843068,25.092732105697795
50.8660987408325,25.089700662998233
52.34703280212449,27.846226465134873
52.34582985040012,27.846597507016487
49.807506716348755,30.763540277715183
49.82085715312163,30.75106246725655
43.836736086939354,34.87301764037723
54.51040694969684,18.021983527809606
54.50630734173751,18.02284156273026
54.5041104226397,18.025471600243222
54.50936733619519,18.02647883824902
54.51311386787094,18.026087135264806
54.51309425252186,18.026189724225855
54.51159367831665,18.026665363173304
54.51048541109319,18.027672594349653
54.505493304750374,18.0277565300209
54.50413984566332,18.02554621066348
54.51323155996544,18.030796839577913
54.535789211416294,18.004663385880455
54.53228296776687,18.006267692425617
54.53174354566696,18.003525438666355
54.534450463841054,18.00624903778225
55.23137569494536,18.13386227778743
55.21749814195566,18.1325882709481
55.231789456215154,18.133150565233848
55.22884347597404,18.133209547047212
55.22751943991062,18.13397237670838
55.227569091263,18.132179328514294
55.22920758589148,18.131141239581975
55.230093035008885,18.131723199287443
55.22626988087576,18.134766659728005
55.2243500285838,18.134845301414927
55.22339010243784,18.13411393236209
55.220319993815785,18.135002584682717
55.219376618120606,18.134247623707655
55.22160265375222,18.134192574342446
55.223323900634654,18.132077092756496
55.22539270698375,18.132092821338507
55.22169368123157,18.13184116385666
55.220857883466536,18.130913173764093
55.22321632270451,18.130299753882376
55.22518582634885,18.12830219218541
55.22291013936485,18.12844375242643
55.21945937037456,18.129049314387053
55.21940144379679,18.130323346994516
55.217663646463556,18.130575006659377
55.217498141955616,18.12884483915416
55.21916973748568,18.126501221346302
55.22269084589179,18.125549609184006
55.22307150626002,18.126548408591606
55.22135853460298,18.127287673773836
55.22567820225988,18.127578660276335
55.22394868015204,18.127326996302443
55.22629056893921,18.12510919188649
55.22996476901519,18.123237406009476
55.22879796223432,18.122128481406023
55.22987374153583,18.121577948851787
55.26303670731171,18.181170900884755
55.26507241275922,18.18279834422885
55.26413731228943,18.17887712343752
55.27253666606674,18.175751876842998
55.26796046642255,18.183818436844845
55.26893694301933,18.182851412777914
55.26586683439727,18.18262341445271
55.27132020793348,18.18487979855213
55.27189119848584,18.1875056582793
55.27066646512718,18.1875056582793
55.27317799603497,18.169862895329352
55.273736573749225,18.17085357901699
55.27233806065724,18.170464382524482
55.27882169975528,18.172846723210945
55.280700175920245,18.174537143250337
55.28094015745675,18.170999036069208
55.27368278478414,18.17450569372465
55.28294276200267,18.168726747195425
55.282810358396326,18.17262657427998
55.2787720484029,18.16886041206553
55.27678599430777,18.17091254810682
55.276852196110944,18.166918330071354
55.274617885253804,18.16509416860573
55.27268148251106,18.164952638040244
55.27251597800313,18.163136318934846
55.272648381609464,18.167154211628024
55.274353078041116,18.16327785097236
55.272491152326936,18.161634499693427
55.27649636141878,18.16327785097236
55.2766784163775,18.165463720097048
55.28063397411696,18.16697336912973
55.27883825020595,18.16481897017862
55.27843276416153,18.16330930252067
55.27974024977416,18.163498011691615
55.28044364393284,18.16308914156352
55.281056010612176,18.162428657026844
55.28238832190099,18.161335706890544
55.282760707043835,18.156893069394986
55.28027813942492,18.159322773634894
55.27835828713297,18.157616480015403
55.27843276416154,18.16124921414168
55.274502032098255,18.161257077120613
55.2764632605172,18.15942499346085
55.27478338976173,18.159605843775626
55.27664531547593,18.158080404815042
55.238968214246256,18.135236543281874
55.23835584756692,18.134721440741952
55.23895993902085,18.134257453949562
55.2374207470971,18.131265102789488
55.237205591236794,18.132885146827594
55.23780140746533,18.130337109641737
55.23523608759247,18.12992029755844
55.23687458222094,18.128441786312703
55.23761935250663,18.127482320204024
55.23465682181472,18.130856157263118
55.23486370244963,18.127545236175582
55.23353966638621,18.12780476431919
55.2342430605449,18.12533529911956
55.23192599743392,18.125547643037763
55.23146258481172,18.12514654875379
55.23116467669745,18.124949933573003
55.23032060370702,18.124580296435237
55.230312328481624,18.1265385779165
55.23099917218952,18.12724638510923
55.23077574110383,18.12528024695057
55.233878950627464,18.131548218363232
55.23138810778314,18.13007758525368
55.23069298884985,18.129487755667533
55.238422049370044,18.126743055843978
55.23920819578269,18.125870090717243
55.23833102189069,18.12337700417623
55.237313169166924,18.1238882077805
55.2369325087987,18.122291674651887
55.23522781236705,18.122291674651887
55.23527746371942,18.120813098965616
55.234061005586156,18.121638900755457
55.2327700704243,18.12338486885837
55.233274859173484,18.123030957812194
55.23394515243059,18.123730914522802
55.233274859173484,18.124328628150117
55.23294385015764,18.120238967806834
55.231048823541876,18.122315268843522
55.235029206957535,18.118437914010627
55.23104882354188,18.120411993833706
55.22960893432291,18.120294021561207
55.23660977500824,18.11994796910332
55.23786760926848,18.118799699229513
55.23912544352872,18.122134379959665
55.241003919693696,18.10707275872522
55.241219075553985,18.112287450935042
55.24287412063325,18.11043912379203
55.24338718460783,18.108991909353065
55.245439440506125,18.1103604711406
55.24697863242985,18.110061590743104
55.23417272112894,18.115901464040583
55.23092883277357,18.11480035804449
55.230200612938695,18.116129549417103
55.23334519858931,18.116577854291414
55.272499427552084,18.157435627641114
55.272491152326694,18.15955080239528
55.27675289340581,18.161548007092506
55.23513678488748,18.12607456942568
55.243807152296476,18.106677521200776
55.24668693073441,18.106547741520732
55.1589358531927,17.963530949049343
55.15668662649732,17.964028525947512
55.15836046961947,17.965757594775067
55.16064892701302,17.966404436318687
55.15906662218662,17.967163228188166
55.15482970678369,17.966205408403628
55.15176971232602,17.966354679360943
55.15141663604244,17.965197826143385
55.153247401957294,17.968183238353465
55.151534328136954,17.989701591829466
55.15303817156701,17.990024969042384
55.15354817064328,17.992412967035047
55.15672585719548,17.992860713060256
55.15934123707384,17.991803533119178
55.15688277998818,17.989975218740515
55.16114584918989,17.98945283972393
55.16149892547347,17.99373132707836
55.15462701484312,17.994552187788525
55.154561630346166,17.996877939056063
55.152024711864165,17.994726309266273
55.156823933940935,17.99432831706458
55.1622508471885,17.997785844329737
55.162080847496426,17.99652970017673
55.16219853959096,17.999539456351975
55.15885739179642,17.99575859735421
55.16032200452829,17.998401476068505
55.15284855652588,17.998569375260644
55.62409097223184,18.206558157619483
55.624195587426975,18.203775557812367
55.60844882107603,18.229975575649615
55.60792574510037,18.2300873605674
55.60600344088977,18.231403933082728
55.607821129905226,18.233055844878955
55.60878882046021,18.232062215603577
55.61017497179574,18.231776546136356
55.611155739250115,18.23357749797619
55.611038047155596,18.235527473078818
55.60846189797541,18.235378431167522
55.609089589146215,18.23378864283264
55.60555882631044,18.235043086400083
55.60338806101141,18.234533857924117
55.604041905981,18.237042725259425
55.60215883246859,18.236508662472975
55.601975755877106,18.238284725396614
55.60575497980132,18.238644903776986
55.61136496964039,18.238849832522444
55.60791266820097,18.239514296793423
55.61110343165257,18.237396696202406
55.612724967177165,18.230925745161116
55.61009651039939,18.23187590948252
56.502715855206674,19.314838196902564
56.503337734422196,19.316379427223907
56.50391311799543,19.317953551377293
56.50334354637748,19.318337481797982
56.50434320268654,19.31909437055723
56.5053428589956,19.317679314810373
56.506400634857506,19.318441691327976
56.50599379798755,19.31717471832504
56.50544166223544,19.3156225258926
56.504860466706916,19.31420195523715
56.508080289934966,19.31631909463764
56.510561994841744,19.31909437055723
56.509998235179076,19.318408783062527
56.50778969217068,19.319204064289497
56.507342171613715,19.31932472730996
56.50697601843075,19.319598961116068
56.50549396983301,19.319971918353914
56.50474422760122,19.320290028266562
56.503448161572614,19.320778161238785
56.503023888836786,19.32091527697991
56.485355544769746,19.3322625769046
56.483396915838625,19.332229671422862
56.484135034159856,19.33366653794908
56.48556477516001,19.33549825022742
56.489761006875945,19.332525820519827
56.48721827643867,19.333167475054232
56.48754665191228,19.33221321867953
56.4860064837617,19.333781706092868
56.49143194402048,19.335956175086523
56.49100185932938,19.336142635140263
56.49058921050413,19.336230380974232
56.49029280078459,19.336778791368175
56.491327328825356,19.337733021062643
56.48946750313408,19.336926861858732
56.488874683694974,19.33754107875609
56.48875263263399,19.33686105276839
56.48836323162988,19.337979803696644
56.486497593983316,19.337689148555324
56.48607332124749,19.33779882980152
56.48586409085723,19.33832529875756
56.48693349062971,19.33749720619719
56.48783434369892,19.337173645711253
56.48835160771931,19.3369871868349
56.49139707228879,19.33272599506822
56.48995570737805,19.334338350976065
56.48727058403625,19.336060373378096
56.48753793397937,19.33593972271861
56.48624767990605,19.336586847939824
56.48501554538559,19.334086078653268
56.481784098247,19.336126182791148
56.48242341332838,19.33774947324985
56.48200495254784,19.33721203427701
56.48106341579163,19.33407511028257
56.481214526629046,19.33461255958055
56.49010536522663,19.338578935539275
56.490260835030476,19.33512532843532
56.48821502677008,19.335147265034898
56.48489058834692,19.3340943049308
56.42642892927676,18.98015423456562
56.428351233487355,18.98039660652331
56.42690492841463,18.987321370613312
56.426483852254215,18.981617117093954
56.43101499789347,18.981184312950376
56.42984330770797,18.979435772761956
56.43145438171304,18.982880898757113
56.43240637998876,18.984889080031092
56.43070376768795,18.986204771874387
56.42799423413397,18.98320982665845
56.42731685074548,18.9839369281353
56.426346544810606,18.983504130019554
56.37854524677392,19.00203553808367
56.37647648129014,19.004839737696823
56.37653140426759,19.005964866229288
56.37554279067358,19.006051414262732
56.37470063835274,19.00471856955481
56.37449925410211,19.006362986810256
56.373336717746184,19.005333064220974
56.37197279713961,19.00535902873435
56.37226571968599,19.00699478490669
56.37217418139023,19.003809805676635
56.37330010242786,19.008595906321638
56.3736754094404,19.009392133935485
56.37679686532523,19.00850935961218
56.3783347086937,19.007626580603326
56.37689755745055,19.00797276900837
56.380467550984505,19.009175768113256
56.38033939737047,19.00663128492518
56.38130970330534,19.0045541269352
56.3808977809745,19.004389684153047
56.38011055163111,19.00484839256072
56.37795024785159,19.004156002025102
56.3756709442876,19.003610742450046
56.379030399741346,19.004562781813974
56.37793194019244,19.005333064220974
56.37892970761603,19.005471541578814
56.38152939521512,19.00615527184341
56.38073301204217,19.002719282470128
56.37850863145562,19.002078813128133
56.31277015009542,18.873413377086887
56.30951545513569,18.874214099284234
56.30788810765581,18.872304678498182
56.309092344790926,18.872181489313398
56.30901097741692,18.867223049469292
56.30852277317296,18.865405944733258
56.315845836832366,18.867792815542774
55.10561816731153,18.31994345558095
55.10316870059421,18.320655713760686
55.10458100572853,18.31866557326322
55.103963122232265,18.320226264326777
55.103003196086284,18.31713629185691
55.10048752756578,18.3182046953579
55.10517682195705,18.31564889560863
55.10229704351912,18.314810920262286
55.10469685888405,18.320849489375803
55.10192741678473,18.319330701712726
55.1872688968279,18.44340476965224
55.184915054937385,18.440166975261263
55.18634207158351,18.440753132217015
55.18598899529994,18.441325331126084
55.187813222765094,18.439203998778986
55.19487474843664,18.446433168660686
55.64769692106507,18.255775834600925
55.64872304901421,18.257206114486344
55.651404222042636,18.258227735764734
55.65269515720448,18.25737900466359
55.65180143286166,18.25607446543995
55.653456477940935,18.254156932169405
55.65163592835374,18.25428267270451
55.649401617496714,18.254156932169405
55.65201658872197,18.25209791795964
55.64585982102709,18.25066759601512
55.655980421686834,18.25817272554129
55.64844169135075,18.25881712992245
55.647638994487295,18.22223947084881
55.64909543415706,18.219079630099458
55.64894648009992,18.221752135967233
55.64107490180859,18.297977231500862
55.64140591082443,18.300638047861234
55.644539462841195,18.300742803574746
55.886798539625765,18.452290509530584
55.86511001431449,18.461612478376004
55.86296298122533,18.461778050511487
55.862648781261065,18.460610763549795
55.86277969791283,18.46013060065111
55.86380084779671,18.464261613374514
55.862448042395,18.464468575323966
55.86078976480581,18.462672137282798
55.85799687623453,18.462374108876595
55.85943695940409,18.462796315632634
55.85560546539538,18.462887379698735
55.85449703774365,18.463450320125563
55.85616404310963,18.464195385497973
55.857604126279185,18.464625866238606
55.8576564929399,18.463748346662726
55.85465413772579,18.46417882852484
55.855998215350716,18.464634144703805
55.8566615263864,18.464865941567176
55.862980436778905,18.466604408061187
55.860911953680805,18.465122573443516
55.86093813701116,18.465776569070364
55.85995189823443,18.464543081564667
55.85855545394879,18.464832827748722
55.85934095385946,18.46565239287724
55.86477835879666,18.46679481046408
55.865432942055556,18.467134222919093
55.86342555339495,18.46876504900931
55.8627447868057,18.468582927067697
55.86059775371654,18.468566370517962
55.86051920372547,18.467167336293386
55.85886092613628,18.468533257413704
55.85972497603802,18.468500144303047
55.85948932606481,18.467341181403583
55.85786595958275,18.46715077960704
55.8563036875382,18.467515026337626
55.85564910427931,18.466306386484625
55.85691463191316,18.465735177015972
55.85495088213649,18.465006675224306
55.85487233214545,18.468566370517962
55.85603312645788,18.468740214210477
55.85733356519887,18.46917896179393
55.863408097841464,18.480552894240816
55.8607286703684,18.48009762031929
55.861906920234404,18.48076811421921
55.85473268771699,18.48080122496113
55.85692335969007,18.483565949349575
55.85917512610067,18.484410257489838
55.85468904883306,18.482928576724113
55.85613785977941,18.48205115079124
55.85777868181503,18.48152138201577
55.85811033733287,18.482804412949818
55.86000426489526,18.482274646502336
55.86083340368987,18.483532839141677
55.862378220180844,18.483839108320662
55.862648781261186,18.482680249085593
55.854654137725916,18.486396848472083
55.85540472652944,18.485006237202384
55.857080459672204,18.48575120892869
55.857918326243585,18.48644651295159
55.858590365056045,18.4868521056622
55.86073739814522,18.487315639013175
55.86362629226113,18.486264409789683
55.859969353788124,18.488557240026005
55.96688571037921,18.461817050487333
55.968947647644725,18.45979136837534
55.97039591310502,18.45888329621953
55.9706168349549,18.460245402651683
55.972801506581455,18.46035017962181
55.9709113974214,18.46152600567768
55.96573200738542,18.45880180232961
55.975010725080224,18.45975644261203
55.97377110803371,18.464308373861783
55.97221238164846,18.465100001754045
55.972519217551074,18.465821776943343
55.97422522516956,18.465798493920115
55.96983133504425,18.46607788999036
55.969487678833325,18.46505343550854
55.96774485090653,18.464739113020837
55.96808850711744,18.466136097447727
55.971930092618074,18.462003318906497
55.97233511600951,18.463225700390357
55.97341517838668,18.462957941381486
55.968947647644754,18.462562122950924
55.96946313196113,18.461560931080903
55.973366084642265,18.46788231198621
55.97194236605417,18.46880197783113
55.97132869424896,18.46812678060329
55.97081320993259,18.46713726262363
55.965093788708,18.467323525267616
55.86321813232474,18.593592041914743
55.85709982442677,18.592446206002315
55.85465127392398,18.605742081357164
55.85657820339233,18.608638420387454
55.85576815660946,18.609545697173058
55.85848058598849,18.60527680141572
55.861806687172724,18.606230623926717
55.8631690385803,18.60768461137139
55.860358421712434,18.608626788602393
55.85848058598849,18.609696909500347
55.85931517964357,18.611092709253068
55.86395453849097,18.609720172923385
55.86543962425958,18.610569285687635
55.864764585273846,18.610988024668806
55.8632304057608,18.605358225497294
55.862690374572196,18.613291070643513
55.86378271038548,18.61370980292571
55.86221171056413,18.6127676538414
55.861021187262025,18.612069762266884
55.85942564056848,18.612569918185947
55.857388250175156,18.61495436223565
55.854970383262625,18.61420995402311
55.83098808911496,18.60557923352233
55.831994510875504,18.6062306239267
55.82210825809354,18.606562134157343
55.8237528985315,18.607853273110862
55.825741195180385,18.60623643990122
55.82709127315186,18.607934695959752
55.82663715601599,18.607969591454495
55.82613394513572,18.60738799894126
55.82590074984974,18.60888850357409
55.827042179407435,18.60635275934996
55.82867454640931,18.610051676356097
55.829509140064395,18.6098655692453
55.82826952301787,18.608655868063554
55.82975460878648,18.611179946357407
55.83076103054702,18.610388994975576
55.83165699138263,18.609946991131327
55.82959505411714,18.61234310347459
55.83174290543536,18.61449492317677
55.83227066318784,18.6146228683558
55.83198837415745,18.6119941571744
55.82213894168374,18.6091385863932
55.8217093714201,18.610045860511953
55.82292444159441,18.613767960105577
55.82593143343993,18.614198322618904
55.824458621107425,18.61234891924019
55.82692558176438,18.61265133877775
55.82632418339528,18.611825499539417
55.829404815857416,18.614640315418203
55.88729247724298,18.64007622838407
55.885647836805006,18.639593597888517
55.88407070026562,18.639488930853116
55.88516303607888,18.642355621348067
55.88425480180717,18.641588074072196
55.85413578960739,18.628952119311453
55.852908445996974,18.627893750036115
55.85077286811484,18.63030123982184
55.85244205542501,18.630847863186922
55.85429534427674,18.631080468340937
55.84977871979039,18.627277334124674
55.851018336836916,18.626439935343242
55.849950547895844,18.62547459551824
55.84489389222092,18.627347117170245
55.84614578270355,18.62833570723819
55.847532680983335,18.629719723673638
55.87604387305341,18.63593021327749
55.8829538175801,18.644687315660402
55.88453709083755,18.646140974216927
55.886243098456035,18.645326926958422
55.87973817732082,18.645559512287637
55.88130917714216,18.645385073320583
55.8820210364362,18.646117715777976
55.87587204494797,18.645478107458644
55.87646116988098,18.64416399553372
55.874055576404544,18.646082828113588
55.872472303147106,18.646059569666686
55.86963713940703,18.643175497561078
55.87104858455901,18.64528040985433
55.87153952200318,18.64365230318386
55.873319170238304,18.64275683786171
55.84518845468746,18.635220786810088
55.845470743717854,18.632348160834503
55.844427501648994,18.634697437517495
55.849741899482126,18.635604575266786
55.85063786031774,18.632859887235306
55.84963143855719,18.633057599295633
55.84839182151066,18.63267380508604
55.86849570984936,18.645640917077596
55.87562043950785,18.672426787297933
55.87462629118341,18.671019863981904
55.9398964243857,18.647228302681462
55.938767268264115,18.64687942799695
55.93761356527032,18.649647147444984
55.936484409148726,18.64999601644213
55.94009279936337,18.64915872964454
55.93321967514501,18.649333164734575
55.93628803417108,18.646786394626687
55.934532932808175,18.646332856216645
55.92299590287019,18.65672904762714
55.93470476091362,18.650565834262284
55.934655667169196,18.652693912475353
55.93796949491733,18.651542660361148
55.937085807517825,18.653507924409283
55.9387427213919,18.65503127911038
55.940485549318694,18.652914858957722
55.94082920552962,18.65400795837589
55.93696307315679,18.651914783110694
55.93722081531497,18.652693912475353
55.9343856515749,18.654380075720514
55.922271770140014,18.65805469068712
55.92548741039933,18.6572639574766
55.926776121190265,18.65681044706084
55.92683748837079,18.6595082347702
55.925573324452046,18.65947334985804
55.92561014476036,18.660205931507033
55.92417415273617,18.65983382693776
55.924002324630706,18.6607292021768
55.927757996078604,18.65899658867308
55.92981993334412,18.658822163514603
55.93139093316545,18.658543082888073
55.92538922291047,18.662252492049742
55.92610108220451,18.664008328291928
55.92759844140923,18.6634501836423
55.929611284930324,18.664008328291928
55.924493262074854,18.662566450857817
55.94386074424733,18.66150829107254
55.943823923939014,18.66399670029712
55.95828816838769,18.720650448500535
55.962117480452214,18.719674020792876
55.95620168424998,18.72497456056178
55.95757630909364,18.72819432484466
55.956177137377786,18.72209764348018
55.95639805922766,18.722440551318563
55.958502953519535,18.722638158909522
55.9350545538424,18.730658507333718
55.93552094441436,18.73022844033678
55.93893295965133,18.736377131992977
55.934747717939786,18.7396199245966
56.340440352575584,18.85251440218972
56.30828394998245,18.8688385031734
56.307553680534255,18.870075376690412
56.30685409467631,18.87024958349482
56.31420588290276,18.872984606589732
56.31419360946666,18.874668568886623
56.305534700295084,18.871138035381225
56.31013723883417,18.871599680090522
56.309971547446764,18.867906486818253
56.311039336387836,18.86645183411569
56.306676129852754,18.875057619838735
56.310109623602926,18.865049432436056
56.46546865291879,19.259940139296084
56.459130786886064,19.259747030614314
56.46076724503336,19.26175534978876
56.46366513966908,19.26182615546459
56.463181020800526,19.263068468256584
56.461374098262965,19.26074475635573
56.46195367719012,19.25948311504811
56.459805825871896,19.263763644364175
56.46206277439996,19.26464548388894
56.45878985810548,19.263615597847558
56.45920579121791,19.265565939063087
56.46352194958125,19.266293288097476
56.46208663941462,19.266296506448864
56.46287759418578,19.266756730046676
56.46249916323924,19.266496044111477
56.465935725348416,19.264893299251934
56.468547239808395,19.26617420905172
56.469270008823415,19.26656684773983
56.46810403239352,19.269373221468864
56.466051641133866,19.26826612564496
56.46727898474429,19.268607266434348
56.46711533892957,19.269102884806607
56.459614905754776,19.26916725071902
56.46041949767717,19.267719011575686
56.49157527429921,19.342103307978988
56.48847964097069,19.342238416050396
56.48826144655106,19.341749452976227
56.489884267547076,19.341054608193296
56.49097523964522,19.34075865488757
56.48874556541963,19.340797257523096
56.4876682304727,19.340546340229007
56.48278613033352,19.338905717647283
56.48255429876267,19.338982923785526
56.48230201146496,19.339053696046843
56.48093147776665,19.33951049808632
56.48107466785454,19.340276121173275
56.479622311248875,19.342309186900312
56.478851812204546,19.342566535186798
56.4783199633067,19.342598703694083
56.4760425590518,19.343377179637116
56.4755925330613,19.342958990542495
56.47709261969627,19.343049062130333
56.47289237711837,19.34229631947533
56.47266054554752,19.34237352400997
56.47244235112788,19.342470029626917
56.47231961676684,19.342843184142236
56.471249100395525,19.342939689481494
56.47049223850242,19.34310053158678
56.47003539393633,19.34326137353358
56.4701240354193,19.343628092579586
56.47078543725381,19.34513356213374
56.47149456911761,19.345294402076977
56.472565085488924,19.34494055399261
56.47499249840731,19.345493843386446
56.47615847483722,19.34750111009088
56.47349923034796,19.347758450190412
56.47457656529489,19.347642647195848
56.4756470816662,19.347070064514966
56.473758336221316,19.34650391337195
56.47071725149771,19.34652964755743
56.47024676978039,19.347115099180638
56.47120818894189,19.34739174042569
56.47142638336151,19.347899987072154
56.472012780864276,19.347082931563563
56.47180140502026,19.346574682372246
56.47239462109864,19.348086558228708
56.47201959943989,19.349218847568263
56.472694638425615,19.349321782573135
56.47141274621029,19.348536901520756
56.47079225582946,19.348665570804474
56.47103090597594,19.349707788263043
56.47173321926412,19.34997799170261
56.47371742476764,19.349508352103946
56.47510159561718,19.349006543915614
56.47426291081672,19.348517601119447
56.475715267422395,19.348311730030094
56.47654031507164,19.345024190881787
56.476867606701084,19.345255800505054
56.475810727481,19.345429507506793
56.47280373563546,19.346233704179447
56.47143661122496,19.35260280182708
56.47085021372221,19.35226183623187
56.4705911078489,19.352139603109112
56.47211846878631,19.35208813650371
56.47249349044506,19.35235190268477
56.47308670652343,19.351920869924015
56.4739390284751,19.35061489803961
56.471545708434775,19.35159276959647
56.47182527003492,19.35117460155591
56.47243212326452,19.351567036209534
56.47018881188769,19.349971558292594
56.473795838387225,19.351065234353097
56.477160805452485,19.34445481582738
56.476553952222886,19.34626265518577
56.47697670391093,19.34565789976477
56.47902909517058,19.343811451793616
56.482833860362916,19.341135030194547
56.480276894507845,19.347349922593175
56.47930865677073,19.34588950848867
56.47941775398055,19.345336220436277
56.480140522995576,19.344956638013112
56.47875635214604,19.346732304126256
56.47913137380478,19.347864602863257
56.47798585310172,19.34819914416827
56.47767901719911,19.34758796241987
56.47810176888715,19.34700251249317
56.48605222805249,19.33928209722638
56.485527197730256,19.339082648326745
56.4846407829005,19.338715919068914
56.48496125595433,19.33950728117504
56.48725911593608,19.342209464330242
56.475053865587924,19.352432319118574
56.47529933431001,19.35236798597472
56.47525160428071,19.35188548658712
56.47570844884682,19.35223931961089
56.47556525875892,19.351364385645635
56.47632212065202,19.351274318647537
56.47693579245724,19.351827586564703
56.47708580112073,19.35174395316272
56.47726308408668,19.351274318647537
56.47755628283806,19.351589552923343
56.47780175156014,19.350630981500796
56.478633617785,19.350360779142672
56.478892723658305,19.35113278469292
56.48042008459572,19.35058594780552
56.48068600904465,19.350489446988067
56.4797927756393,19.349453667953256
56.480283713083466,19.349884707232416
56.47926092674144,19.350676015183645
56.47746082277949,19.349884707232416
56.476826695247425,19.350161343781775
56.47581072748102,19.350817549534526
56.48024280162989,19.352506302202656
56.47832223616549,19.36315951596573
56.47626757204729,19.36315951596573
56.476367577822955,19.364077272350894
56.47447655951949,19.363871420900864
56.47507659417348,19.36317667033807
56.47351286749946,19.363682723510006
56.47393107347041,19.364557591390124
56.47231279819148,19.363982923801892
56.47157639202522,19.364334586297907
56.471749129274095,19.363734186456444
56.470739980083316,19.364549014276832
56.472049146601094,19.36317667033807
56.47129455756654,19.365561110529995
56.47322194160661,19.364711979352194
56.47505841130518,19.364171620845283
56.47564026309086,19.365320952665655
56.475476617276136,19.366221542832573
56.47508568560763,19.36528664437044
56.4738583419972,19.3659213466631
56.47204005516694,19.366719009553393
56.47187640935221,19.367499514624644
56.47272191272829,19.367190743834467
56.47470384537327,19.366581777506184
56.47187640935221,19.36548391696933
56.472967381450374,19.365269490220122
56.47760401286753,19.365561110529985
56.47753128139433,19.364669093821835
56.47642212642786,19.364952138113672
56.476585772242586,19.365655458165605
56.47795857879944,19.364351740546596
56.47846769911191,19.364488974471158
56.478967727990224,19.364832058777157
56.47937684252703,19.364068695212325
56.47973140845893,19.36385426660162
56.48000415148347,19.363528334573207
56.480540546098396,19.36514941111736
56.48049508892764,19.36579269099266
56.47992232857611,19.366084310366553
56.48029280451775,19.36770750572997
56.479685951288154,19.368093467902618
56.47821995753125,19.36747592798768
56.47772220151147,19.36683265475502
56.47874498785348,19.36843440039489
56.47812449747266,19.368678842120197
56.47633121208632,19.367913352335783
56.47594255327635,19.368743168829084
56.475587987344454,19.367617447758175
56.4770812554038,19.368987610091306
56.476569862232786,19.369219185685765
56.47528115144185,19.369630874819006
56.474749302544,19.369798123232325
56.47502204556854,19.368981177431206
56.47377424623127,19.368202823685372
56.47327649021148,19.368350775509963
56.47303784006502,19.37039635653657
56.47274464131364,19.370473547770708
56.47399925922652,19.369952506230746
56.47361741899216,19.370216243514726
56.47099226738098,19.369219185685754
56.471612757761804,19.37088523373528
56.47102636025904,19.37102031796579
56.47063088287346,19.37060863234247
56.46992856958527,19.37129048609089
56.47025586121472,19.368813928179534
56.50758074412287,19.37372841153345
56.50520787980939,19.373921385604273
56.51097639477838,19.373882790808388
56.513458356301676,19.377472067714177
56.510840023266105,19.378295403237534
56.511017306232056,19.379157328154992
56.507948947205996,19.379285973273902
56.50618975469772,19.3798134171992
56.50663978068822,19.379704069208675
56.5056169943462,19.380109299629
56.504403287886994,19.38045663918686
56.50390553186721,19.38061101208593
56.504635119457866,19.377690766618436
56.50509878259957,19.378990089348513
56.50284865264713,19.379684772496848
56.50361233311584,19.37624992137395
56.50302593561308,19.374680414732083
56.505814733038996,19.37547803475101
56.48049736178619,19.37270564514254
56.479699588439416,19.371933741728796
56.47952912404908,19.37037062611705
56.47896318227316,19.370235541348006
56.47919501384401,19.369759527459852
56.47968595128818,19.369560115823223
56.47888817794142,19.372075257628378
56.47843133337531,19.37090453148934
56.47817222750201,19.370023265056137
56.47661759226213,19.37231326136416
56.47627666348146,19.37132264893308
56.47640621641812,19.370627930129288
56.47575845173483,19.370788744930632
56.47800176311167,19.371959471901498
56.477613104301696,19.371123239209112
56.477510825667494,19.370370626117058
56.474837944027016,19.372242503533077
56.474558382426856,19.371760062956795
56.47504250129542,19.37135481176893
56.474462922368275,19.37120686267145
56.4733105830896,19.371663574670144
56.47254008404528,19.37182438844949
56.4712309175275,19.37322024538695
56.47211051378163,19.372242503533084
56.511717914876634,19.381427899574618
56.510551938446724,19.38182026139996
56.508294989918674,19.382566389476338
56.50573802406361,19.380816842390534
56.506399425898124,19.38237985777771
56.50669944322511,19.38305523015568
56.50415611452128,19.383132415391973
56.50356971701852,19.381601568040146
56.49212132856353,19.394844850940835
56.49273500036874,19.39512784280056
56.49323957496414,19.39496705203154
56.49405780403776,19.394626175075835
56.49498513032119,19.394323887366873
56.46452996234357,19.40478464505622
56.46505499266581,19.404559551295474
56.46364354751382,19.405099775797954
56.46298896425492,19.405286281459542
56.462675309776714,19.40543419959081
56.46227301381551,19.405569255158394
56.461611611981006,19.40485538874526
56.46141046400042,19.405868306373268
56.46095361943432,19.406029086369035
56.46047631914137,19.406222022154154
56.45934443558954,19.40553388347297
56.459603541462855,19.40639566416509
56.458928502477114,19.40667220476273
56.45967513650682,19.41241513925819
56.459075101852825,19.41086527434329
56.46008425104364,19.40737963205859
56.46053427703413,19.408562958111155
56.46113431168811,19.41014500014316
56.461775257795786,19.411765612606697
56.463957201992095,19.410981032399295
56.46337080448934,19.4094118606273
56.46242984105467,19.406646480075807
56.46268894692799,19.407804086959064
56.46611187188595,19.41020287943784
56.46560729729054,19.40862726906297
56.4649799883341,19.407064505734127
56.464557236646066,19.40586187517012
56.46604368612981,19.407488961457055
56.46837563898962,19.409418291690063
56.46779606006247,19.407791224705623
56.46823244890173,19.406736516462235
56.467216481135324,19.406279902845057
56.46684145947658,19.405070835245095
56.463793556177365,19.40827355851325
56.461529789073694,19.409000272081986
56.45946376066281,19.409694827147906
56.46945297393655,19.405476002516565
56.492111100700136,19.39797059736299
56.49265658674922,19.39934050434039
56.49321570994953,19.40091620467558
56.49489989812605,19.39868449398751
56.49544538417513,19.400202317843018
56.494286226320845,19.39706375118857
56.493829381754736,19.39594465745385
56.49534310554093,19.39744321225945
56.495820405833875,19.39525004367877
56.496297706126825,19.396369142190196
56.49689092220519,19.397906282197976
56.49704093086869,19.39683864674531
56.49747050113235,19.399475564967073
56.49892285773801,19.397230971430545
56.49950243666516,19.398800260712562
56.499359246577285,19.39612474202268
56.49831600450842,19.395687393438394
56.4978523413667,19.394516837033162
56.50049794870474,19.39497991529891
56.50115935053924,19.396491342136315
56.50156846507605,19.395301496652674
56.50169801801271,19.398086364595965
56.49321570994954,19.398214994758217
56.502437833466836,19.402347184614246
56.5008013753196,19.4028938477849
56.50028316357297,19.40306749334878
56.499867230460545,19.40322184480551
56.49906945711376,19.403408352620325
56.49851715248908,19.40367846700749
56.49806712649859,19.403858543016415
56.49758982620564,19.404006462446045
56.497064795883404,19.404244419507116
56.46897908293149,19.413813863583233
56.468583605545916,19.414006790131964
56.46801766377,19.413743123791342
56.4682767696433,19.4135373351308
56.469401834619525,19.413177204348077
56.46724716472567,19.4138910342302
56.4667016786766,19.41457270668746
56.46631301986662,19.414772063186653
56.4661493740519,19.41427688691555
56.46539933073442,19.414450520325186
56.46813357955541,19.414141838579855
8.070608556865004,31.019331373239268
49.80415748295615,23.711191979877242
49.80298051310655,23.712570715986775
49.80178672940195,23.713377781026505
49.8066627473503,23.711914975642
49.80711672143515,23.712099928046936
49.80795741418486,23.712066300336947
49.808747665369594,23.712032672626957
49.80894943162953,23.71166276781708
49.806141517845475,23.712015858771963
49.81192548396352,23.71235213587185
49.81036179544905,23.712234438886888
49.806982210595194,23.714319356906184
7.054752758792691,31.528581634069088
6.981198205263154,31.425461795419018
6.981523633604905,31.41953746438155
5.486048438859345,30.776761490537844
5.485789457029243,30.77116682158737
5.495690887355108,30.751336504962207
49.145745809198985,24.07567976026008
49.150004576014034,24.074332599328784
49.118498392943486,24.08623976368925
49.10237591857221,24.307217613225514
49.108720611990556,24.316604282940332
49.108459871165145,24.3143445291201
49.10606974693221,24.315648233247156
49.07317294612614,24.342504538264535
49.20437990231343,24.698589592168187
48.12440739719074,24.395197221083958
48.12516679866633,24.394217348212223
48.12643450919411,24.391994261634473
48.11743192718503,24.094718056677433
48.11853428416573,24.093064521206376
48.11765239858117,24.092375548093436
48.11517209537458,24.094084201413526
7.506839401529925,28.5903084258856
7.506141102484877,28.593938218360645
7.82769384674906,28.403082070314493
7.829230104648169,28.408167854546274
7.508305829524587,28.586017642444272
6.175205974311779,31.65633816868778
6.178301572389876,31.656235505979915
6.093048248533687,31.89742524694742
6.083120725801083,31.915259517906026
6.080723647419179,31.917678108706323
6.08221616792112,31.921075545517535
6.078349182984275,31.91715984460229
6.085879627334973,31.923110108612118
6.117934543863335,31.775984558413437
6.134677698215704,31.765505453703486
6.131467699232229,31.832333475710403
3.194176187300168,32.50331636558162
3.196323535583157,32.509179086498655
3.19127700964233,32.507600532214795
9.898673011702348,28.651894630610695
9.182986045596369,27.73414985217602
9.17125967431704,27.75476012381227
9.167673339438855,27.75442604716404
49.35543090767194,23.897835924525847
49.353136751230394,23.90002674058714
49.35532756729169,23.898497302959445
49.35394280619634,23.900626114792587
49.356691660310986,23.901080812465686
7.855470573488709,30.348675310331583
43.78375377721136,32.47786169781807
43.785280616496856,32.47513843472949
43.783815063954066,32.47406191977078
45.515322782587155,33.983172609540134
45.50965121925814,33.98644399514697
45.514353563815476,33.988567564365816
49.951949654201044,26.53467618242151
49.9540891316982,26.53492788565647
49.165884381228715,26.92042849603334
49.1433087558977,26.947444202800654
22.379528662362567,27.960112086628065
22.366245927425627,27.901485829615456
22.36439801555679,27.901796895563155
22.373174439094218,27.97890135292165
22.480143324344112,27.572139221876053
48.44570340188877,23.84636445256209
48.447448930052786,23.846880176792364
48.44859939179725,23.846073531201416
53.55987444061548,23.84522274515277
53.561744994082645,23.845123659131247
53.561352270189175,23.84387488447048
53.56406769125266,23.84204945424864
53.582758156809895,23.806610637499244
53.63893030359973,23.768692104219
53.63954663374238,23.770800737300835
53.64069649602036,23.77168156006735
53.63865444196211,23.775242639956005
53.64042640506934,23.77436527492077
53.20438420367703,27.250524538350387
53.20641877358699,27.251348709886138
52.58663314730503,27.543297242668494
52.58872170451468,27.541665097226087
52.58509917873296,27.539698120501573
52.5890048987126,27.538882024078312
52.58384840435882,27.543862210441553
52.57981288703845,27.54919787388281
52.58246783264394,27.546760240191798
52.58137045512701,27.546352218966863
52.574809789541874,27.551750531002053
52.57738918682179,27.549049819008985
52.5736843614604,27.55361119472843
52.57323698632242,27.554689535755408
52.57239815793871,27.551999860817098
52.57139156387826,27.5557058934661
52.56050075750515,28.632645662023105
52.55902490120108,28.628024190866807
52.565856308740145,28.629211987306523
52.568530177084796,28.624789881832225
54.056161692039495,39.33715987446574
54.054335545497736,39.34019057340192
54.05406923246041,39.34057307946321
54.05334638278762,39.34183827690787
54.05726498890846,39.34151462392744
54.05775957026352,39.34266211409566
54.05638996035721,39.339955184016155
54.05658018395531,39.33904304265942
54.06194122064148,39.33845437956826
54.06303044960289,39.339212558811795
54.06255845038628,39.3407008126725
54.05780215058812,39.339184478245706
54.063720294611784,39.33690991493227
34.9042659260433,28.162768505379052
32.78699038922742,29.554635119397656
32.78452229354916,29.555405400266825
32.789025155130105,29.554995677131263
40.64303190950222,35.179349051211474
49.892865835208,30.33930163336953
55.683820708446255,20.234485852824854
55.71341570372029,20.20193662246817
55.719467811886325,20.204733804614243
47.41542384396595,32.07822277875579
47.40746924993652,32.08168506912517
47.40828894948165,32.07800099453425
47.4131715076418,32.0802356148721
46.973570976814216,40.55190263747309
65.32040705073405,46.09128594417545
65.32274065356543,46.088600838964325
47.770592625682454,31.27604366740955
47.81230871428536,31.258159129338654
33.00686892592552,28.46794138723431
33.01033317807088,28.46820620155384
33.00922863390859,28.466484896614052
33.00606562108022,28.4638366804184
33.007320784901,28.460747010985592
33.009529873225574,28.461409090610328
33.422047757876854,27.88409615014397
33.42693041914129,27.87946693329966
33.225218430549155,28.59421419819243
33.22554130321446,28.594811022412234
33.22537137023272,28.595094512729514
33.22559228310898,28.59601958107808
33.22537137023272,28.59615386451649
33.23055432617577,28.595571968377683
33.23194777662603,28.595989740290705
33.225852635823756,28.596757690853636
33.226077463268034,28.596428689074614
33.22833822812443,28.59700992485343
33.226077463268034,28.597075724927738
33.227863592408724,28.597481491142315
33.22818834316158,28.59806272109885
33.22887531590799,28.598413650837067
33.22741393752016,28.598227219559543
33.225952559132324,28.59870974689221
33.22580267416947,28.598622014814698
33.22566527962019,28.599488365870815
33.22766374579158,28.598731679900148
33.227888573235866,28.59951029871625
33.2274389183473,28.5992690371647
33.230698916289384,28.603677456287777
33.227626274550865,28.60116621532726
33.22790106364943,28.600486305703974
33.224753479429474,28.601889985253514
33.22489087397876,28.602953698673517
33.22655209898374,28.602229936073975
33.227201600489444,28.599488365870815
33.22711416759444,28.60072756446094
52.056675260799466,43.56328298336047
52.05792911227544,43.55881574146877
52.060645790473394,43.56125762236063
52.06020171807564,43.56400225406009
52.065478343037036,43.56180655870365
52.06641873164403,43.5629422731896
52.067777070743,43.5612765512833
52.06417224774957,43.56046260223801
52.0650865144508,43.55998937099381
52.06236625539406,43.55714459070595
52.069903274509045,43.55924990022768
52.068656240437285,43.55764113259917
52.071095493896316,43.55836607641528
52.073014007852855,43.56280492572823
66.15800708960832,45.82880947288784
57.8146791575697,21.316751342415984
52.05671706067435,43.563267580233585
52.057929726843255,43.55880793820081
52.06071885903175,43.56122453397081
52.06029442587263,43.56392661263563
52.06508445723983,43.56012609336388
52.06208310847177,43.56032381415106
52.062386275014,43.557116263490116
52.066569973296744,43.556896561991174
52.06872245574655,43.557599603968086
52.06775232281142,43.561400282609476
52.065508890398945,43.56179571517201
52.06647902333407,43.56291609333793
52.069844171952795,43.56331151595135
52.07066272161681,43.56260854062203
52.07305773730041,43.562784285223366
52.074058186889765,43.56030184520675
52.07326995387997,43.55979655727666
52.071056838121706,43.558302637742266
52.069904805261245,43.55924732645937
52.064205274267366,43.56397054787276
52.0805156342392,43.55498512515022
52.07496768651644,43.55656700824081
52.0721179210195,43.557270054062755
52.07657446919024,43.554897241538704
52.07951518464985,43.554941183360484
52.08060658420187,43.55366685751998
52.08415363274593,43.552128842170546
52.0858513653824,43.55401839837439
52.24820656471551,43.50861025751752
52.25091397421637,43.50768926743867
52.250075396052395,43.503866139520504
52.136962659879515,43.55186085547545
52.13846293946464,43.55649362968347
52.140810603201494,43.55053864238889
52.13972266146978,43.5515138896592
52.13872060987479,43.55429429524237
52.1392073206495,43.55495825372078
52.16676137406007,43.5473152140996
52.16425148353387,43.54466346544492
52.16491086155346,43.54392342174521
52.168845859412336,43.54787021649705
52.17309991115164,43.54611269137424
52.17067510166024,43.545418917351036
52.16956904820801,43.54358423201337
52.16942015639714,43.54478680517829
52.16484705077739,43.54759271593709
52.163911159394736,43.54734604770018
52.96784954816099,43.356854295597394
52.973307293435425,43.356945871271215
52.97015859423863,43.355938531258026
52.66098672821107,43.492287639151
52.66126748356868,43.49120134269914
52.658469531582014,43.487094214054274
52.658589175189654,43.49056631246935
52.662118661614755,43.49065311237246
52.66376376121968,43.49273627262351
52.66059320561747,43.48876518633037
52.668458856772936,43.47389636772345
52.6782272156208,43.47545031579816
52.67427036424982,43.46916161048604
52.67527755719475,43.47160507267221
52.88035442192081,43.42626197509361
52.881253362547575,43.42766812805779
52.88392713466821,43.427182674178766
52.88671615558713,43.426412635902196
52.88660090678883,43.425341262004515
52.897597869171044,43.409346286247896
52.898758712268425,43.405049132254995
52.89243592855176,43.40836441636916
52.87731622835977,43.42617596843431
52.880670052765986,43.42242239994719
